{
 "generatedAt": "2026-07-05T19:25:48.985Z",
 "nRecords": 200,
 "refN": 101,
 "judgeN": 80,
 "models": {
  "google/gemini-3.1-flash-lite": {
   "tag": "incumbent",
   "refSimilarity": {
    "mean": 0.42521147526921754,
    "lo": 0.3688667976605709,
    "hi": 0.48385139964189283,
    "n": 101
   },
   "refSims": [
    0.08333333333333337,
    0.19999999999999996,
    0.1724137931034483,
    0.06666666666666665,
    0.4,
    1,
    0.33333333333333337,
    0.375,
    0,
    0,
    0.2857142857142857,
    0.22580645161290325,
    0.43333333333333335,
    0.19999999999999996,
    0.65625,
    0.7441860465116279,
    1,
    0.8333333333333334,
    0.6666666666666667,
    0.2075471698113207,
    0.21212121212121215,
    0.22033898305084743,
    1,
    0.47560975609756095,
    0.18518518518518523,
    1,
    0.8,
    1,
    1,
    0.38235294117647056,
    0.3571428571428571,
    0.37037037037037035,
    0.18181818181818177,
    0.7916666666666666,
    0.2558139534883721,
    0.08333333333333337,
    0.15000000000000002,
    0.2857142857142857,
    0.6666666666666667,
    0.3076923076923077,
    0.20833333333333337,
    0.2222222222222222,
    0.40625,
    0.4642857142857143,
    0.5454545454545454,
    1,
    0.0625,
    0.25,
    0.09836065573770492,
    0.07692307692307687,
    0.18918918918918914,
    1,
    0.25,
    1,
    1,
    0.7272727272727273,
    0.5,
    0.52,
    0.5357142857142857,
    0.34615384615384615,
    0.30000000000000004,
    0.22448979591836737,
    1,
    0.3526315789473684,
    0.6595744680851063,
    0.5396825396825398,
    1,
    0.42666666666666664,
    0.4285714285714286,
    0.8235294117647058,
    0.28260869565217395,
    0.4509803921568627,
    0.17391304347826086,
    1,
    0.24137931034482762,
    0.125,
    0.4545454545454546,
    0.5384615384615384,
    0.12,
    0.7142857142857143,
    0.16000000000000003,
    1,
    0.2222222222222222,
    0.22857142857142854,
    0.3846153846153846,
    0.20833333333333337,
    0.29166666666666663,
    0.15000000000000002,
    0.09090909090909094,
    0.2954545454545454,
    0.4285714285714286,
    0.09999999999999998,
    0.09756097560975607,
    0.31999999999999995,
    0.1875,
    0.1159420289855072,
    0.21875,
    0.4642857142857143,
    0.05882352941176472,
    0.4,
    0.6547619047619048
   ],
   "schemaComplianceRate": 1,
   "latencyP50Ms": 2857,
   "measuredUsd": 0.028516,
   "tokens": {
    "prompt": 17380,
    "completion": 16114
   },
   "usdPer1kRecords": 0.14258,
   "missingRate": 0
  },
  "google/gemini-2.5-flash-lite": {
   "tag": "prior-gen",
   "refSimilarity": {
    "mean": 0.4077817879048325,
    "lo": 0.3502187869915384,
    "hi": 0.4652961492374788,
    "n": 101
   },
   "refSims": [
    0.08333333333333337,
    0.19999999999999996,
    0.31034482758620685,
    0.06666666666666665,
    0.4,
    1,
    0.33333333333333337,
    0.375,
    0,
    0,
    0.2857142857142857,
    0.22580645161290325,
    0.24242424242424243,
    0.19999999999999996,
    0.65625,
    0.4418604651162791,
    1,
    0.8333333333333334,
    0.6666666666666667,
    0.2075471698113207,
    0.1333333333333333,
    0.2068965517241379,
    1,
    0.48051948051948057,
    0.20833333333333337,
    0.9807692307692307,
    0.8,
    1,
    0,
    0.38235294117647056,
    0.32258064516129037,
    0.4,
    0.18181818181818177,
    0.7916666666666666,
    0.24390243902439024,
    0.08333333333333337,
    0.15000000000000002,
    0.23333333333333328,
    0.6666666666666667,
    0.3076923076923077,
    0.20833333333333337,
    0.19444444444444442,
    0.40625,
    0.7222222222222222,
    0.5454545454545454,
    1,
    0.0625,
    0.29166666666666663,
    0.09836065573770492,
    0.07692307692307687,
    0.18918918918918914,
    1,
    0.1333333333333333,
    1,
    1,
    0.7272727272727273,
    0.5384615384615384,
    0.52,
    0.5357142857142857,
    0.34615384615384615,
    0.3052631578947368,
    0.22448979591836737,
    1,
    0.36363636363636365,
    0.6595744680851063,
    0.5396825396825398,
    0.7241379310344828,
    0.4375,
    0.4285714285714286,
    0.8235294117647058,
    0.28888888888888886,
    0.34042553191489366,
    0.17391304347826086,
    1,
    0.24137931034482762,
    0.125,
    0.4545454545454546,
    0.5384615384615384,
    0.12,
    1,
    0.16000000000000003,
    1,
    0.2222222222222222,
    0.22857142857142854,
    0.3846153846153846,
    0.20833333333333337,
    0.29166666666666663,
    0.15000000000000002,
    0.09090909090909094,
    0.2954545454545454,
    0.2857142857142857,
    0.09999999999999998,
    0.09756097560975607,
    0.42105263157894735,
    0.13793103448275867,
    0.1333333333333333,
    0.21875,
    0.11538461538461542,
    0.1029411764705882,
    0.4,
    0.6547619047619048
   ],
   "schemaComplianceRate": 1,
   "latencyP50Ms": 2391,
   "measuredUsd": 0.0081992,
   "tokens": {
    "prompt": 15576,
    "completion": 16604
   },
   "usdPer1kRecords": 0.040996,
   "missingRate": 0,
   "refDeltaVsIncumbent": {
    "mean": -0.01742968736438496,
    "lo": -0.044139748546957014,
    "hi": 0.0033082833678384654,
    "n": 101
   },
   "judgeWinRateVsIncumbent": {
    "mean": 0.425,
    "lo": 0.35625,
    "hi": 0.49375,
    "n": 80
   },
   "judgeScores": [
    0,
    1,
    0,
    0,
    0,
    0.5,
    0,
    1,
    0.5,
    0.5,
    0.5,
    0.5,
    1,
    0.5,
    0.5,
    0.5,
    1,
    0,
    1,
    0.5,
    0.5,
    0,
    0,
    0,
    0.5,
    0.5,
    0,
    0,
    0,
    0.5,
    0.5,
    0.5,
    0.5,
    1,
    0,
    0.5,
    0.5,
    0,
    0,
    1,
    0.5,
    0,
    0.5,
    0.5,
    0.5,
    0.5,
    0.5,
    0.5,
    0.5,
    0.5,
    1,
    0.5,
    0.5,
    0.5,
    0.5,
    0.5,
    0.5,
    0,
    0.5,
    0,
    0.5,
    0.5,
    0.5,
    0.5,
    0.5,
    0.5,
    0.5,
    0.5,
    0,
    1,
    0.5,
    0,
    0.5,
    1,
    0.5,
    0.5,
    0,
    0.5,
    0,
    0.5
   ]
  },
  "deepseek/deepseek-v4-flash": {
   "tag": "cheapest-frontier",
   "refSimilarity": {
    "mean": 0.4251570453930051,
    "lo": 0.3680164947503925,
    "hi": 0.4835016553457818,
    "n": 101
   },